{
    "g" : 10,
    "m1" : 1,
    "m2" : 1,
    "L1" : 1,
    "L2" : 1,
    "initial" : [
            0.3141596253589793,
            0.6283185307179586,
            0,
            0
        ],
    "sim_time" : 500,
    "time_samples" : 50000,
    "interval" : 0.1
}
